title,company,location,link
"Health Professional - Mater Hospital, Crows Nest",Douglass Hanly Moir Pathology,Sydney,https://www.seek.com.au/job/50246444
Centre Director | Darling Nest Child Care Centre - Permanent Full Time,KU Children's Services,Sydney,https://www.seek.com.au/job/50275883
Advanced Child Care Educator Qualified | Darling Nest Child Care Centre,KU Children's Services,Sydney,https://www.seek.com.au/job/50248097
Childcare | Cert II or Diploma Educator | Full-Time | Lane Cove or Crows Nest,Montessori Academy,Sydney,https://www.seek.com.au/job/50275812
Accounts Receivable Officer,The Better Health Generation,Sydney,https://www.seek.com.au/job/50272562
Diploma | Early Education | Crows Nest,Expect A Star,Sydney,https://www.seek.com.au/job/50218462
"Junior Finance and Admin Officer- Crows Nest, NSW",The Better Health Generation,Sydney,https://www.seek.com.au/job/50140661
Retail Team Member - Pheasants Nest,Caltex Australia,Blue Mountains & Central West,https://www.seek.com.au/job/50177254
Senior Hairdresser,National Salon And Spa Recruitment,Sydney,https://www.seek.com.au/job/50271395
Casual Bartender,The Point Brisbane,Brisbane,https://www.seek.com.au/job/50268273
Senior Assistant Manager,Sydney,Sydney,https://www.seek.com.au/job/50147035
"Health Professional - Mater Hospital, Crows Nest",Douglass Hanly Moir Pathology,Sydney,https://www.seek.com.au/job/50246444
Centre Director | Darling Nest Child Care Centre - Permanent Full Time,KU Children's Services,Sydney,https://www.seek.com.au/job/50275883
Advanced Child Care Educator Qualified | Darling Nest Child Care Centre,KU Children's Services,Sydney,https://www.seek.com.au/job/50248097
Childcare | Cert II or Diploma Educator | Full-Time | Lane Cove or Crows Nest,Montessori Academy,Sydney,https://www.seek.com.au/job/50275812
Accounts Receivable Officer,The Better Health Generation,Sydney,https://www.seek.com.au/job/50272562
Diploma | Early Education | Crows Nest,Expect A Star,Sydney,https://www.seek.com.au/job/50218462
"Junior Finance and Admin Officer- Crows Nest, NSW",The Better Health Generation,Sydney,https://www.seek.com.au/job/50140661
Retail Team Member - Pheasants Nest,Caltex Australia,Blue Mountains & Central West,https://www.seek.com.au/job/50177254
Senior Hairdresser,National Salon And Spa Recruitment,Sydney,https://www.seek.com.au/job/50271395
Casual Bartender,The Point Brisbane,Brisbane,https://www.seek.com.au/job/50268273
Senior Assistant Manager,Sydney,Sydney,https://www.seek.com.au/job/50147035
F45 Casual Trainer,F45 Training Crows Nest,Sydney,https://www.seek.com.au/job/50153979
Certificate III or Diploma Job | North Sydney Area,Hays Education,Sydney,https://www.seek.com.au/job/50185463
Business Support/Administrator,Fusion Careers,Sydney,https://www.seek.com.au/job/50268037
Engineer (1346),Toowoomba Regional Council,Toowoomba & Darling Downs,https://www.seek.com.au/job/50186748
Plant Operator (2039),Toowoomba Regional Council,Toowoomba & Darling Downs,https://www.seek.com.au/job/50279208
Plant Operator (2039),Toowoomba Regional Council,Toowoomba & Darling Downs,https://www.seek.com.au/job/50279207
Recruitment Officer,The Better Health Generation,Sydney,https://www.seek.com.au/job/50182356
Part-time Qualified Accountant (CPA),Boronia Capital Pty Ltd,Sydney,https://www.seek.com.au/job/50169218
Casual Sales Assistant,Beacon Lighting,Sydney,https://www.seek.com.au/job/50281662
Senior Engineer (1342),Toowoomba Regional Council,Toowoomba & Darling Downs,https://www.seek.com.au/job/50186872
Property Manager,Rental Property Network,Adelaide,https://www.seek.com.au/job/50177826
Early Childhood Teacher - Non for profit,anzuk Education,Sydney,https://www.seek.com.au/job/50201363
Interior Designer - 2-4 Years Exp.,Mi Designer Styling,Sydney,https://www.seek.com.au/job/50276734
Office Manager,Pivot Communications Pty Ltd,Sydney,https://www.seek.com.au/job/50143808
Laser Cutter / Press Brake Operator,Innomation Pty Ltd,Adelaide,https://www.seek.com.au/job/50278175
Support Worker - Disability Services (Casual),MidCoast Council,"Newcastle, Maitland & Hunter",https://www.seek.com.au/job/50172871
Carer,RSL LIFECARE LTD,"Newcastle, Maitland & Hunter",https://www.seek.com.au/job/50158095
Group Financial Controller,Brisbane,Brisbane,https://www.seek.com.au/job/50243835
Experienced Business Development Manager,Ray White Glen Waverley,Melbourne,https://www.seek.com.au/job/50179378
